schema_version,M,K,N,array_n,buffer_kb,data_bytes,clock_hz,schedule,arbiter,dma,dma_outstanding,queue_depth,noc_latency,hbm_bw_GBps,hbm_lat_cyc,interconnect_bw_GBps,buf_bw_Bpc,time_resolution_s,sim_ticks,sim_s,requests,ic_requests,bytes,passes,macs,useful_ops,executed_ops,useful_ops_s,executed_ops_s,useful_ai,executed_ai,avg_queue_ns,queue_full,stall_ns,grants,case_id,group
1,16,16,16,16,256,1,1000000000,serial,fifo,1,4,16,0,256,100,256,64,1e-12,363000,3.63e-07,3,3,768,1,4096,8192,8192,22567493112.94766,22567493112.94766,10.666666666666666,10.666666666666666,0,0,0,[3],v_single_serial,validation
1,16,16,16,16,256,1,1000000000,paired,fifo,1,4,16,0,256,100,256,64,1e-12,262000,2.6200000000000004e-07,3,3,768,1,4096,8192,8192,31267175572.519077,31267175572.519077,10.666666666666666,10.666666666666666,0.3333333333333333,0,0,[3],v_single_paired,validation
1,16,16,16,16,256,1,1000000000,double,fifo,1,4,16,0,256,100,256,64,1e-12,262000,2.6200000000000004e-07,3,3,768,1,4096,8192,8192,31267175572.519077,31267175572.519077,10.666666666666666,10.666666666666666,0.3333333333333333,0,0,[3],v_single_double,validation
1,32,32,32,16,256,1,1000000000,serial,fifo,1,4,16,0,256,100,256,64,1e-12,2484000,2.4840000000000003e-06,20,20,5120,8,32768,65536,65536,26383252818.035423,26383252818.035423,12.8,12.8,0,0,0,[20],v_multi_serial,validation
1,32,32,32,16,256,1,1000000000,paired,fifo,1,4,16,0,256,100,256,64,1e-12,1676000,1.6760000000000001e-06,20,20,5120,8,32768,65536,65536,39102625298.32935,39102625298.32935,12.8,12.8,0.4,0,0,[20],v_multi_paired,validation
1,32,32,32,16,256,1,1000000000,double,fifo,1,4,16,0,256,100,256,64,1e-12,1025000,1.0250000000000001e-06,20,20,5120,8,32768,65536,65536,63937560975.60975,63937560975.60975,12.8,12.8,0.4,0,0,[20],v_multi_double,validation
1,64,128,64,16,256,1,1000000000,serial,fifo,1,4,16,0,256,100,256,64,1e-12,34704000,3.4704000000000005e-05,272,272,69632,128,524288,1048576,1048576,30214845550.945133,30214845550.945133,15.058823529411764,15.058823529411764,0,0,0,[272],v_rect_serial,validation
1,64,128,64,16,256,1,1000000000,paired,fifo,1,4,16,0,256,100,256,64,1e-12,21776000,2.1776000000000003e-05,272,272,69632,128,524288,1048576,1048576,48152828802.351204,48152828802.351204,15.058823529411764,15.058823529411764,0.47058823529411764,0,0,[272],v_rect_paired,validation
1,64,128,64,16,256,1,1000000000,double,fifo,1,4,16,0,256,100,256,64,1e-12,14105000,1.4105000000000001e-05,272,272,69632,128,524288,1048576,1048576,74340730237.50443,74340730237.50443,15.058823529411764,15.058823529411764,0.47058823529411764,0,0,[272],v_rect_double,validation
1,1,1,1,16,256,1,1000000000,serial,fifo,1,4,16,0,256,100,256,64,1e-12,363000,3.63e-07,3,3,768,1,4096,2,8192,5509641.873278237,22567493112.94766,0.0026041666666666665,10.666666666666666,0,0,0,[3],v_tiny_serial,validation
1,1,1,1,16,256,1,1000000000,paired,fifo,1,4,16,0,256,100,256,64,1e-12,262000,2.6200000000000004e-07,3,3,768,1,4096,2,8192,7633587.78625954,31267175572.519077,0.0026041666666666665,10.666666666666666,0.3333333333333333,0,0,[3],v_tiny_paired,validation
1,1,1,1,16,256,1,1000000000,double,fifo,1,4,16,0,256,100,256,64,1e-12,262000,2.6200000000000004e-07,3,3,768,1,4096,2,8192,7633587.78625954,31267175572.519077,0.0026041666666666665,10.666666666666666,0.3333333333333333,0,0,[3],v_tiny_double,validation
1,17,17,17,16,256,1,1000000000,serial,fifo,1,4,16,0,256,100,256,64,1e-12,2484000,2.4840000000000003e-06,20,20,5120,8,32768,9826,65536,3955716586.151368,26383252818.035423,1.919140625,12.8,0,0,0,[20],v_edge_serial,validation
1,17,17,17,16,256,1,1000000000,paired,fifo,1,4,16,0,256,100,256,64,1e-12,1676000,1.6760000000000001e-06,20,20,5120,8,32768,9826,65536,5862768496.420047,39102625298.32935,1.919140625,12.8,0.4,0,0,[20],v_edge_paired,validation
1,17,17,17,16,256,1,1000000000,double,fifo,1,4,16,0,256,100,256,64,1e-12,1025000,1.0250000000000001e-06,20,20,5120,8,32768,9826,65536,9586341463.414633,63937560975.60975,1.919140625,12.8,0.4,0,0,[20],v_edge_double,validation
1,31,33,65,16,256,1,1000000000,serial,fifo,1,4,16,0,256,100,256,64,1e-12,8790000,8.79e-06,70,70,17920,30,122880,132990,245760,15129692832.764503,27959044368.60068,7.421316964285714,13.714285714285714,0,0,0,[70],v_uneven_serial,validation
1,31,33,65,16,256,1,1000000000,paired,fifo,1,4,16,0,256,100,256,64,1e-12,5760000,5.760000000000001e-06,70,70,17920,30,122880,132990,245760,23088541666.666664,42666666666.666664,7.421316964285714,13.714285714285714,0.4285714285714286,0,0,[70],v_uneven_paired,validation
1,31,33,65,16,256,1,1000000000,double,fifo,1,4,16,0,256,100,256,64,1e-12,3423000,3.423e-06,70,70,17920,30,122880,132990,245760,38851884312.00701,71796669588.08063,7.421316964285714,13.714285714285714,0.4285714285714286,0,0,[70],v_uneven_double,validation
1,64,64,64,8,256,1,1000000000,serial,fifo,1,4,16,0,256,100,256,64,1e-12,122448000,0.00012244800000000002,1088,1088,69632,512,262144,524288,524288,4281719587.0900292,4281719587.0900292,7.529411764705882,7.529411764705882,0,0,0,[1088],v_array_8,validation
1,64,64,64,32,256,1,1000000000,serial,fifo,1,4,16,0,256,100,256,64,1e-12,3168000,3.1680000000000004e-06,20,20,20480,8,262144,524288,524288,165494949494.94946,165494949494.94946,25.6,25.6,0,0,0,[20],v_array_32,validation
1,16,16,16,16,256,1,1000000000,serial,fifo,1,4,16,2,256,100,256,64,1e-12,369000,3.6900000000000004e-07,3,3,768,1,4096,8192,8192,22200542005.42005,22200542005.42005,10.666666666666666,10.666666666666666,0,0,0,[3],v_noc_2,validation
1,16,16,16,16,256,1,1000000000,serial,fifo,1,4,16,10,256,100,256,64,1e-12,393000,3.9300000000000004e-07,3,3,768,1,4096,8192,8192,20844783715.012722,20844783715.012722,10.666666666666666,10.666666666666666,0,0,0,[3],v_noc_10,validation
1,32,32,32,16,256,1,1000000000,double,fifo,1,4,16,0,256,100,256,64,1e-12,1025000,1.0250000000000001e-06,20,20,5120,8,32768,65536,65536,63937560975.60975,63937560975.60975,12.8,12.8,0.4,0,0,[20],v_repeat,validation
1,32,32,32,16,256,1,1000000000,serial,fifo,1,4,16,0,256,100,256,64,1e-12,2484000,2.4840000000000003e-06,20,20,5120,8,32768,65536,65536,26383252818.035423,26383252818.035423,12.8,12.8,0,0,0,[20],e1_32_serial,E1
1,32,32,32,16,256,1,1000000000,paired,fifo,1,4,16,0,256,100,256,64,1e-12,1676000,1.6760000000000001e-06,20,20,5120,8,32768,65536,65536,39102625298.32935,39102625298.32935,12.8,12.8,0.4,0,0,[20],e1_32_paired,E1
1,32,32,32,16,256,1,1000000000,double,fifo,1,4,16,0,256,100,256,64,1e-12,1025000,1.0250000000000001e-06,20,20,5120,8,32768,65536,65536,63937560975.60975,63937560975.60975,12.8,12.8,0.4,0,0,[20],e1_32_double,E1
1,128,128,128,16,256,1,1000000000,serial,fifo,1,4,16,0,256,100,256,64,1e-12,138816000,0.00013881600000000002,1088,1088,278528,512,2097152,4194304,4194304,30214845550.945133,30214845550.945133,15.058823529411764,15.058823529411764,0,0,0,[1088],e1_128_serial,E1
1,128,128,128,16,256,1,1000000000,paired,fifo,1,4,16,0,256,100,256,64,1e-12,87104000,8.710400000000001e-05,1088,1088,278528,512,2097152,4194304,4194304,48152828802.351204,48152828802.351204,15.058823529411764,15.058823529411764,0.47058823529411764,0,0,[1088],e1_128_paired,E1
1,128,128,128,16,256,1,1000000000,double,fifo,1,4,16,0,256,100,256,64,1e-12,55961000,5.5961e-05,1088,1088,278528,512,2097152,4194304,4194304,74950483372.3486,74950483372.3486,15.058823529411764,15.058823529411764,0.47058823529411764,0,0,[1088],e1_128_double,E1
1,512,512,512,16,256,1,1000000000,serial,fifo,1,4,16,0,256,100,256,64,1e-12,8561664000,0.008561664,66560,66560,17039360,32768,134217728,268435456,268435456,31353187417.772995,31353187417.772995,15.753846153846155,15.753846153846155,0,0,0,[66560],e1_512_serial,E1
1,512,512,512,16,256,1,1000000000,paired,fifo,1,4,16,0,256,100,256,64,1e-12,5252096000,0.005252096,66560,66560,17039360,32768,134217728,268435456,268435456,51110157925.52154,51110157925.52154,15.753846153846155,15.753846153846155,0.49230769230769234,0,0,[66560],e1_512_paired,E1
1,512,512,512,16,256,1,1000000000,double,fifo,1,4,16,0,256,100,256,64,1e-12,3571865000,0.0035718650000000005,66560,66560,17039360,32768,134217728,268435456,268435456,75152744014.6814,75152744014.6814,15.753846153846155,15.753846153846155,0.49230769230769234,0,0,[66560],e1_512_double,E1
1,128,128,128,16,256,1,1000000000,double,fifo,1,4,16,0,256,100,8,64,1e-12,70297000,7.029700000000001e-05,1088,1088,278528,512,2097152,4194304,4194304,59665476478.37034,59665476478.37034,15.058823529411764,15.058823529411764,15.753676470588239,0,0,[1088],e2_8,E2
1,128,128,128,16,256,1,1000000000,double,fifo,1,4,16,0,256,100,16,64,1e-12,62105000,6.2105e-05,1088,1088,278528,512,2097152,4194304,4194304,67535689558.0066,67535689558.0066,15.058823529411764,15.058823529411764,7.529411764705882,0,0,[1088],e2_16,E2
1,128,128,128,16,256,1,1000000000,double,fifo,1,4,16,0,256,100,32,64,1e-12,58009000,5.8009000000000007e-05,1088,1088,278528,512,2097152,4194304,4194304,72304366563.80905,72304366563.80905,15.058823529411764,15.058823529411764,3.764705882352941,0,0,[1088],e2_32,E2
1,128,128,128,16,256,1,1000000000,double,fifo,1,4,16,0,256,100,64,64,1e-12,55961000,5.5961e-05,1088,1088,278528,512,2097152,4194304,4194304,74950483372.3486,74950483372.3486,15.058823529411764,15.058823529411764,1.8823529411764706,0,0,[1088],e2_64,E2
1,128,128,128,16,256,1,1000000000,double,fifo,1,4,16,0,256,100,128,64,1e-12,55961000,5.5961e-05,1088,1088,278528,512,2097152,4194304,4194304,74950483372.3486,74950483372.3486,15.058823529411764,15.058823529411764,0.9411764705882353,0,0,[1088],e2_128,E2
1,128,128,128,16,256,1,1000000000,double,fifo,1,4,16,0,256,100,256,64,1e-12,55961000,5.5961e-05,1088,1088,278528,512,2097152,4194304,4194304,74950483372.3486,74950483372.3486,15.058823529411764,15.058823529411764,0.47058823529411764,0,0,[1088],e2_256,E2
1,32,32,32,8,256,1,1000000000,double,fifo,1,4,16,0,256,100,32,64,1e-12,6733250,6.73325e-06,144,144,9216,64,32768,65536,65536,9733189767.200089,9733189767.200089,7.111111111111111,7.111111111111111,0.8888888888888888,0,0,[144],e3_32_8_32,E3
1,32,32,32,8,256,1,1000000000,double,fifo,1,4,16,0,256,100,256,64,1e-12,6669250,6.6692500000000006e-06,144,144,9216,64,32768,65536,65536,9826592195.524233,9826592195.524233,7.111111111111111,7.111111111111111,0.1111111111111111,0,0,[144],e3_32_8_256,E3
1,32,32,32,16,256,1,1000000000,double,fifo,1,4,16,0,256,100,32,64,1e-12,1057000,1.057e-06,20,20,5120,8,32768,65536,65536,62001892147.58751,62001892147.58751,12.8,12.8,3.2,0,0,[20],e3_32_16_32,E3
1,32,32,32,16,256,1,1000000000,double,fifo,1,4,16,0,256,100,256,64,1e-12,1025000,1.0250000000000001e-06,20,20,5120,8,32768,65536,65536,63937560975.60975,63937560975.60975,12.8,12.8,0.4,0,0,[20],e3_32_16_256,E3
1,32,32,32,32,256,1,1000000000,double,fifo,1,4,16,0,256,100,32,64,1e-12,368000,3.68e-07,3,3,3072,1,32768,65536,65536,178086956521.73914,178086956521.73914,21.333333333333332,21.333333333333332,10.666666666666666,0,0,[3],e3_32_32_32,E3
1,32,32,32,32,256,1,1000000000,double,fifo,1,4,16,0,256,100,256,64,1e-12,352000,3.5200000000000003e-07,3,3,3072,1,32768,65536,65536,186181818181.81818,186181818181.81818,21.333333333333332,21.333333333333332,1.3333333333333333,0,0,[3],e3_32_32_256,E3
1,128,128,128,8,256,1,1000000000,double,fifo,1,4,16,0,256,100,32,64,1e-12,423037250,0.00042303725000000005,8448,8448,540672,4096,2097152,4194304,4194304,9914739186.679186,9914739186.679186,7.757575757575758,7.757575757575758,0.9696969696969697,0,0,[8448],e3_128_8_32,E3
1,128,128,128,8,256,1,1000000000,double,fifo,1,4,16,0,256,100,256,64,1e-12,418941250,0.00041894125,8448,8448,540672,4096,2097152,4194304,4194304,10011675861.472223,10011675861.472223,7.757575757575758,7.757575757575758,0.12121212121212122,0,0,[8448],e3_128_8_256,E3
1,128,128,128,16,256,1,1000000000,double,fifo,1,4,16,0,256,100,32,64,1e-12,58009000,5.8009000000000007e-05,1088,1088,278528,512,2097152,4194304,4194304,72304366563.80905,72304366563.80905,15.058823529411764,15.058823529411764,3.764705882352941,0,0,[1088],e3_128_16_32,E3
1,128,128,128,16,256,1,1000000000,double,fifo,1,4,16,0,256,100,256,64,1e-12,55961000,5.5961e-05,1088,1088,278528,512,2097152,4194304,4194304,74950483372.3486,74950483372.3486,15.058823529411764,15.058823529411764,0.47058823529411764,0,0,[1088],e3_128_16_256,E3
1,128,128,128,32,256,1,1000000000,double,fifo,1,4,16,0,256,100,32,64,1e-12,10064000,1.0064e-05,144,144,147456,64,2097152,4194304,4194304,416763116057.2337,416763116057.2337,28.444444444444443,28.444444444444443,14.222222222222221,0,0,[144],e3_128_32_32,E3
1,128,128,128,32,256,1,1000000000,double,fifo,1,4,16,0,256,100,256,64,1e-12,9520000,9.52e-06,144,144,147456,64,2097152,4194304,4194304,440578151260.5042,440578151260.5042,28.444444444444443,28.444444444444443,1.7777777777777777,0,0,[144],e3_128_32_256,E3
1,128,16,128,16,256,1,1000000000,double,fifo,1,4,16,0,256,100,16,64,1e-12,11565000,1.1565e-05,192,192,49152,64,262144,524288,524288,45334025075.65932,45334025075.65932,10.666666666666666,10.666666666666666,14.052083333333336,0,0,[192],e4_16_16,E4
1,128,16,128,16,256,1,1000000000,double,fifo,1,4,16,0,256,100,256,64,1e-12,9901000,9.901e-06,192,192,49152,64,262144,524288,524288,52953035046.96495,52953035046.96495,10.666666666666666,10.666666666666666,0.3333333333333333,0,0,[192],e4_16_256,E4
1,128,32,128,16,256,1,1000000000,double,fifo,1,4,16,0,256,100,16,64,1e-12,15641000,1.5641e-05,320,320,81920,128,524288,1048576,1048576,67040214820.02429,67040214820.02429,12.8,12.8,6.4,0,0,[320],e4_32_16,E4
1,128,32,128,16,256,1,1000000000,double,fifo,1,4,16,0,256,100,256,64,1e-12,14105000,1.4105000000000001e-05,320,320,81920,128,524288,1048576,1048576,74340730237.50443,74340730237.50443,12.8,12.8,0.4,0,0,[320],e4_32_256,E4
1,128,128,128,16,256,1,1000000000,double,fifo,1,4,16,0,256,100,16,64,1e-12,62105000,6.2105e-05,1088,1088,278528,512,2097152,4194304,4194304,67535689558.0066,67535689558.0066,15.058823529411764,15.058823529411764,7.529411764705882,0,0,[1088],e4_128_16,E4
1,128,128,128,16,256,1,1000000000,double,fifo,1,4,16,0,256,100,256,64,1e-12,55961000,5.5961e-05,1088,1088,278528,512,2097152,4194304,4194304,74950483372.3486,74950483372.3486,15.058823529411764,15.058823529411764,0.47058823529411764,0,0,[1088],e4_128_256,E4
1,128,512,128,16,256,1,1000000000,double,fifo,1,4,16,0,256,100,16,64,1e-12,247961000,0.000247961,4160,4160,1064960,2048,8388608,16777216,16777216,67660704707.595146,67660704707.595146,15.753846153846155,15.753846153846155,7.876923076923077,0,0,[4160],e4_512_16,E4
1,128,512,128,16,256,1,1000000000,double,fifo,1,4,16,0,256,100,256,64,1e-12,223385000,0.00022338500000000002,4160,4160,1064960,2048,8388608,16777216,16777216,75104487767.75522,75104487767.75522,15.753846153846155,15.753846153846155,0.49230769230769234,0,0,[4160],e4_512_256,E4
1,128,128,128,16,4,1,1000000000,double,fifo,1,4,16,0,256,100,256,64,1e-12,55961000,5.5961e-05,1088,1088,278528,512,2097152,4194304,4194304,74950483372.3486,74950483372.3486,15.058823529411764,15.058823529411764,0.47058823529411764,0,0,[1088],e5_4,E5
1,128,128,128,16,16,1,1000000000,double,fifo,1,4,16,0,256,100,256,64,1e-12,55961000,5.5961e-05,1088,1088,278528,512,2097152,4194304,4194304,74950483372.3486,74950483372.3486,15.058823529411764,15.058823529411764,0.47058823529411764,0,0,[1088],e5_16,E5
1,128,128,128,16,64,1,1000000000,double,fifo,1,4,16,0,256,100,256,64,1e-12,55961000,5.5961e-05,1088,1088,278528,512,2097152,4194304,4194304,74950483372.3486,74950483372.3486,15.058823529411764,15.058823529411764,0.47058823529411764,0,0,[1088],e5_64,E5
1,128,128,128,16,256,1,1000000000,double,fifo,1,4,16,0,256,100,256,64,1e-12,55961000,5.5961e-05,1088,1088,278528,512,2097152,4194304,4194304,74950483372.3486,74950483372.3486,15.058823529411764,15.058823529411764,0.47058823529411764,0,0,[1088],e5_256,E5
